public_key,username
B62qpge4uMq4Vv5Rvc8Gw9qSquUYd6xoW1pz7HQkMSHm6h1o7pvLPAN,MinaExplorer
B62qiburnzzzzzzzzzzzzzzzzzzzzzzzzzzzzzzzzzzzzzmp7r7UN6X,Mina Burn Address
B62qjWrka3sHmyX9E3LLk7DYwTkD3xpVxJVWeC1jWesvUCw98jzwLEb,Mina Foundation
B62qr11GnajdtFtYHLB25VfR2HisWw9gQTtswLT9UDuBDupwxnP8Qtm,Mina Foundation
B62qog6J6WmV7EG35JYwCoMjXGQKfMzDf882feobdM4XSTvd4TM7o4x,Mina Foundation
B62qmQAFPta1Q3c7wXHxXRKnE3uWyBYZCLb8frdHEgavi3BbBVkpeC1,Mina Foundation
B62qkLCr6WNbmpwmV3zLUM99J46WGpEJLcBbQEbQen2oXV9MKU8f9mL,Mina Foundation
B62qo41tpoLx87ag5BcocFD8QV5jQB18qw8jnNqKGz9KDXna7PT3DLi,Mina Foundation
B62qjFozcCaaeMNaAWrRT21JUsSaq47PYW8DZdySviwath3Mg8nyfCw,Mina Foundation
B62qk8QpsgrR4d5NM9gxiiN2oiZSNznfeDbr1V5pFWa82nZy6iwKhfw,Mina Foundation
B62qnJ58vM1du7EkL83EPtjN8wt1MXKC93Sbe6icpRhfLVgDg6xnVgA,Mina Foundation
B62qoERQaxigi8r2cjyUuQXicjcPbGZfjRkeUn5sedzYisjTBNtEddh,Mina Foundation
B62qpBVRzjqFcbzMk3JAFdjruMAoqdHyHiE9XNyshZ5NjGo2gY7CxZz,Mina Foundation
B62qrr1TdC3LeN5F1Bgjxb1v4Pdxt6btzKL7sGTyLGNcydmagjsYsQi,Mina Foundation
B62qmanR1vreSJgKYZcHSiNrov8jvXShfcjioaBLpCGbr7vrt3DxZq9,Mina Foundation
B62qjCoLPn8iXHXq9ukNMhAfqn39o1MZKsAx3VrWFdu1pEbZZezJhJe,Mina Foundation
B62qkZvsPhMjgYTiXLLGXWaFUCFGAexpR3v2z5ymXKEuZGVhub5ebNk,Mina Foundation
B62qodbQJ5bnuY7j71eaYiiiq3XqYDgsBDJxkAhtzqBNpxAgskKdTc4,Mina Foundation
B62qm4UyivsseKABrgJxS4AnoK4SX8b69o4DWrR9cJ8HRYGrNq65iEG,Mina Foundation
B62qpcJd5eVzs6z4hs47nMQipXJdz3nEaEqbLStc8obzecfNPv5vAnV,Mina Foundation
B62qo8FPFHTQ2J5eaCK74yfsMRBFT5bnr2iPomWLv61iGpaufBop6Si,Mina Foundation
B62qpGX4AkMb93fusVyC7CDNju7FUP1fFVbspw8o4sN8xbmsiKxgy7f,Mina Foundation
B62qqLBQFF3oRGthJGnbZB9PEF8pvoxGcfBNUVtgXtH88VZE9KBoGKb,Mina Foundation
B62qnQ9R4djFcZtgUnEASzipJj4Liwdpt5WjM8qnQvWH9QZZMwPHRJc,Mina Foundation
B62qjyUJF51Rh87LkCzFUrWFBC2oSqL55dw1bHMkPov6oGpqiZxd2Xc,Mina Foundation
B62qq6YfopW3J9zaw9VEjQP8tehZVzewtH8LDrPST9FtLWnnWhnoKJ6,Mina Foundation
B62qojvcsxDKjfx2UKTfrsrQ4XYt3x9gpUfijNtTyNHjMyKigubEL1Y,Mina Foundation
B62qnem3qr442rQCJ1cmj8kLqk48Hpi1PEJwPXrMUNyiSymQQxSJspn,Mina Foundation
B62qo8yt9f1eQAv1kNUocT7jWKcHBTEcMxkSCmK5FSn9eKUfy6mZpQc,Mina Foundation
B62qmXBgmuA4Zo81V5Xmhmr5opdAbbddfyVxsdvJuQutceSHNQe2Scb,Mina Foundation
B62qjYCD9rCC9mqfqdAi929GRuZBmNfba2VomgfRVtZQzPa14YguZd4,Mina Foundation
B62qmSLcBAgGJYa14CUyGdoZywpKuztSKWRJsnKFSxg3oeLAYaotLFv,Mina Foundation
B62qmmvXhqFc4KpY8o78Nx1N2gusT9zC7D4pairouAZHyJmutVqApJ6,Mina Foundation
B62qiWWh6F34fwbZiv5uGKg15vr4C3cxKDBxR4xypdgQErk4t6DBn9k,Mina Foundation
B62qqMhtDSFToxQLzPjZ27PVtSCZR9rgUrjUDcjytWSsDZtPFiQMrnK,Mina Foundation
B62qqUrqjmVerAGWSk1TByCBQxzH8u9PRnKnMu2YH7YbhyS9CzMnYRq,Mina Foundation
B62qmiBiazpFUcs4t2ccJ2vEzh6i4drnyLQfNV3dEfgZfKYYjAbu8tC,Mina Foundation
B62qjYKFSc4DJ1g1PGuyooe8BGXfQEiTUb4oLH1jhntZtQpz9aV7WY3,Mina Foundation
B62qp8no6FregychSQusyD56DkRrqvg9bhBF3R3BQckQzQoUY9piJ74,Mina Foundation
B62qnWqVhYZaSn9xHkpih2rkbZ45MV5Q3CktwGA9EVbZtrGGjSr83oj,Mina Foundation
B62qkeKupTi7525nWMQfWgJ7EhrxhyFdnhANKrjSo6LRCZJ28yHw1yv,Mina Foundation
B62qnNmzW5uoLMPEVhwfL5xW1jCALVRfP6CEm4wPbyuu5xxJEoxBbue,Mina Foundation
B62qkDGi9CVj8Gu7wA3Tm6R1eUa8ZxZSUeFoQUmAjqE1diaXYcN769S,Mina Foundation
B62qmij2xZg5ZLmMUy3Be1Av54misfGR16ywRJAsPhMvdUWpzhKfxD8,Mina Foundation
B62qrYfgf3JNvWRCrWWH7T64ForhkYTSRbu5QM51EFxD1Q6wF1wzFNU,Mina Foundation
B62qpKeaQG8uJxYGdMWkhfff75YrFwoxPwSzhxrWxUf7STrpQMMVrYB,Mina Foundation
B62qnBRYDxf1EG23jnJx1QAMvARTZgdJzYoAE5LoEUJbLiPsUzYfA98,Mina Foundation
B62qqkKscGbufYJ5qpk3GLWenaJCgK5TgiaRwozsH5BmdqXGbttGYSP,Mina Foundation
B62qrgWoTX6rBSPFyo8ffBuQzkkVN1yWi4LD4a1u2EH3bXJY1bTd3Vy,Mina Foundation
B62qoHY9jb2WaBK1t4HgboN7vCq71X1aBGfdaiQdryuyDSfsgCDtd5A,Mina Foundation
B62qrxjaEqDqq1VQXc9xPXU4DiJM4nBMYesWs7whmNyFrPr6Qo4GRzu,Mina Foundation
B62qmFMzdoZMdhvU8Rgvnk6cLieaAMYQbjNumWj9cCMuNVLmDXKta5d,Mina Foundation
B62qkCuaxdGJGKjPvYa6TEFqmBGc7p1CmLwAsYJuVA7iu3VTVZQDR4b,Mina Foundation
B62qkQJjJt3PL89vVXoHir7cCFPgpdJ1JCmhqHrfwjY7zpGYhtC2xHH,Mina Foundation
B62qmnPjiwSKnff1qMUuYcuixn12j251x5fKKaxPtWDajf8KgaQX6yU,Mina Foundation
B62qs1inqycyihVap9Ti1T4WrmqoZ2aqZ49z4peRYM1cC8Gk3brdHk7,Mina Foundation
B62qpJZYLwCjH5Hafi9YiCGGgVhuoq9j6A47MxJG3qzH3nzS3pZZcnn,Mina Foundation
B62qnKSBegBU5wkkYQfKEKPenEsEttY4EVSuizJNrZdsdrkk6xSmb3E,Mina Foundation
B62qoTdpaj649XnqLxGq8oY6j3pBQdujD7ftQpq58AqypTMcaZePfUL,Mina Foundation
B62qrxrrtdZGk1icXvsEes5DBxHuaoifF2MmutXzFPLjsuSPouUbcEu,Mina Foundation
B62qjyY3c1FNPLUir8MBoECUNAP3CiDFE52uc4LP8B5miWe441e1VPo,Mina Foundation
B62qqJXC6J5UXVNW321LiGtwFR2WTGULFwZzrDo874BYi7QGdrkpqFY,Mina Foundation
B62qmQQ84vg6V7NwizyZzsWk4z6P6GdXrpvN44h19TRL9dsa9xZ542H,Mina Foundation
B62qmPfMY7HNmuvGnQQ5kF1UoPy2ipNXAF4MtmZvLipAynggd6EWWBC,Mina Foundation
B62qpqgV3MoZEtfPiceJ7tH9ngz9o7a3EtkdFr2a9KnRkQGaxEuW4iU,Mina Foundation
B62qnysDggsacPKduRXXMzCgbU6ggCSGUywBhhrGX1c8W4nr5oSX1Jr,Mina Foundation
B62qpYG5JSiR88NHKPbceqDDs8MTnhmvzoDWbqbJUWEXGnuVjooaUPL,Mina Foundation
B62qrMCR9BPCLY2ZWMXH7ueNJM6ZCa7X5cW2NboAfpXqaiDadbSEoim,Mina Foundation
B62qn3jFiBMx57Tqw1EbfHPtVqaEntjZR1uihQ4jH7iQLBFS3hSPKC5,Mina Foundation
B62qnzTCuHo79TU9chKbcGLudHS3fU3NhLReJG34MhUVrFN6nA7Pjik,Mina Foundation
B62qrNpfSTjKyBiq9LEU8wNSHPu2YNPiv7sgS2yYhACKjeXWUmLvAJ2,Mina Foundation
B62qnFpSPGZveVRzoABYjsW6dwAXjcGeAnA6CsBjAsG86ZthTGwy7TF,Mina Foundation
B62qitq9vwHhBXHwU8Hu9VqPGniVUs7C74RbYz8v8EtDTnBkcLC5t83,Mina Foundation
B62qq4x5H4WyTJHywAZ3DzPCeUcSz1Gh7TqMP4ydANeETB68Mrf9X8i,Mina Foundation
B62qifDaXL1vTRa88w3w1ZcUUtK8QT5nUF5CEAKNFrftEQMu6afkoDM,Mina Foundation
B62qrTGV9jGcZsxDbahBPPheUd5MpV97yzAn1QrYyEAtzgfbURC3dMa,Mina Foundation
B62qmh665K7crtbKv7JfNQgJcBKh2bZN5vw3mz3ds6vVo76M2K7byvy,Mina Foundation
B62qjUVRD9YVQ8Mt5fmtjCt4aUzeZLDMSop8yg6Scg5unqDXiyM2SMs,Mina Foundation
B62qoTaYnDYrtmver4jnkgJbFU6iohjtALTU4ebf4yCKrxFFHd9Dimh,Mina Foundation
B62qoreEwCN4QMSJBcrEgDLzmygNKgMkshRxKGMZfswK9oNpoZC97ZS,Mina Foundation
B62qjRNvNj7EJCWSRfhKNosEYnjTCZVbMdiyymV2QxiYpr8QQehgYB6,Mina Foundation
B62qnsoomKzFNvmJcWAq59TLtidzYwD2hcUCrrFhBNWys2npQTXpGmu,Mina Foundation
B62qrh8V1qvJhQx9D6g3JDgVg1FYR8B45V7EFFim7aLPLss3kD2aAXR,Mina Foundation
B62qogpwsY84waaousZTWkonka6EoajHey2S3cfi9qzSbynbmGiqaUN,Mina Foundation
B62qiaQboSdk5JkHTNcPWUjDwVZZK96u5tGac6aLA9yCqVm8tZLsZZm,Mina Foundation
B62qquq5R18f5sQ1LPF1MGqwwxy1jRCeMEUsMuvjgJ4dAajdQgjcye5,Mina Foundation
B62qrzN4SfQpxV12YcSW4Crb6PY21y4sgpq7e3v2qh7x5UEd47RpNze,Mina Foundation
B62qnto268cEnV1cdZh2bRS3bMwiAT3tRxsPrfiYruHaxXERAR3Ec8b,Mina Foundation
B62qku85TZbbwZhuYr3xMsUJ7KndwA1wHcCDVvawK24uUtBjQDa9pye,Mina Foundation
B62qm6aynoQs9WmAbkoKvSn3eMDo1PAZi4jfB2MnbUWTHsq9TVKYZVJ,Mina Foundation
B62qri8EQAMZbZiwaYXtuh3fs14MRPJ7x3ePQh25SmR7ggKRtnfJ2e2,Mina Foundation
B62qmq4EksfssuNcoAvFhebPiBry1uUR1bwLEiN84EByVPAcVh2Lvib,Mina Foundation
B62qrFQnjeR8FesCFUJgNmJkfe6uzYMGSverRyDVjfQxDPgkr8mzjSq,Mina Foundation
B62qjtHX7MLXn7cNM3cF7Eb4b7cgwrk6STeUjCtPktusxFQ75T3BMPn,Mina Foundation
B62qjaKD4AAxb8UUQypqysaFx3cYhp5bSjzgkQobyjca3sRJKho3VA4,Mina Foundation
B62qpDH4cXswwo4YYmdS9apCeRQUXtAEXuCS95ddMCFhNbzxvzZ6Nfx,Mina Foundation
B62qpJ4Q5J4LoBXgQBfq6gbXTyevFPhwMNYZEBdTSixmFq4UrdNadSN,Mina Foundation
B62qnNyeNzkyccsgwogTg9jgqBYfE6KnjTWi9QxsVkQ2NKgW2i5fDj9,Mina Foundation
B62qnsA7W5yWUr8r27DwmBoyHqYE5FMpm5NxhotqppmbL5wxcBDZZVT,Mina Foundation
B62qn9zWo5HcC2RRRi5P8278Hq5RoKgQWqFvXRYxsbVQeDCsAJP7aop,Mina Foundation
B62qqsZBMoFs1AmiLxekCDUta2GPHPyZenug2DM4jrVrrZqUHi5PEsY,Mina Foundation
B62qqhHF6ZZQEQ2dNyjSSMy1uSqy8JjVnoRmN4k2q9VPfAEviRpvype,Mina Foundation
B62qqSy5saxH3Ago7obP4XT2M9fYkRLMfthRhgCw59jr7EvHitk4VpK,Mina Foundation
B62qkVtsvZk4sMHJETFDeqzukb9vEbswirZFY4afdKYMqcAEw1bkGej,Mina Foundation
B62qmBXLrMyUZ7HSTcnSpUG2DFcVTGtVFNR5sSkMzshTjJyk9nrJRTD,Mina Foundation
B62qiscckHMmaedeqpSokpjidB4WQW74tmWAzXWG8rW3DgTfEfXJazj,Mina Foundation
B62qmsgdnJagaswVUo1KhnQNGVF1y2wS33RcR4kS85FkAsJ8xTdNuit,Mina Foundation
B62qpGm7Ubs2exzhPZuHFCmsCRrhBKigUUoY3p4gSBq2koqfYRFNbjX,Mina Foundation
B62qmm7feizW8hGKBBzvh5gpdDbqhMac3zLh1hVcTaj3BbYC18Eivi4,Mina Foundation
B62qkwYTYFzemJK9ozx2K2fy4YsvFx4w29PTBdwP3khDfax8tUP8rJo,Mina Foundation
B62qm4egneDvLXYCwzJRLBQoseGZezZ4LUtJUT256phFLm9TQWGmFYb,Mina Foundation
B62qo6bK6jBAa6QR4EYYtH6MWeGRfWUWEWXPjbYsci15ecXTafkSw6G,Mina Foundation
B62qqrMW5HUkhKDPuNLToVyxcc49VEPRMaRFzSbWZysAsyPw8nFAu4T,Mina Foundation
B62qkTViAbMfWGRFJyvtWT5dBrfBUReHTHsA8PWT1dBLB4ctPHRf7nw,Mina Foundation
B62qqsvgiixjji3CX7whzuBKVupvwgBS4Dao6wDwkmWPi79TNcwZ1tB,Mina Foundation
B62qmtxhr1gQ5PUvKnNRVfhuuVs2Wjn4xPBoXMWujaYi5D77gShXH6Y,Mina Foundation
B62qm4TntJySX6ktHD1SsYumBdvSTp8pLdjMwTVjBrmA3ipkWejBdbe,Mina Foundation
B62qo1mUFu2xFntFTqPhiff3TEVyhu9ukTKvp81vqzvBUDs76DYTGuo,Mina Foundation
B62qnfJ6Yqn8FKmFK5YfiskzD1axjxSJwP2jRtNrDUiH9tN59xz2KgH,Mina Foundation
B62qjVi5acmgHpTe2h7Kqw69xRXtc8KvJANmAnx2tEVUz7pSpfrLFXr,Mina Foundation
B62qq5MpA1CzLTwC45zADGS7rRGZoQ3kmnf1nrYQzcnETfoJvU5vamo,Mina Foundation
B62qpJtPWEqXnDcXLugqf3C1m4ftWf2DaXLK8J35Ka7HoZSCxKBDWbP,Mina Foundation
B62qjbRyvwkiMNwAvamp9wfFoUyhwGsQZ2Np2j1i68HdbYLqviS7hfw,Mina Foundation
B62qjAbb8hxvgGfpJLULvEA3A5yPXmZu8h7VkEMX8wAwpGWEcAEQLvz,Mina Foundation
B62qjeQmtThR9HKw3z5oq58RHfCtdvyJb9chiA2R4NReipEu4nrbPHw,Mina Foundation
B62qn71s63yywMUCcFhP4iCata7HpgyrvmGjpKa1D9544vGW6FBZ6a1,Mina Foundation
B62qoRkPZeEekdcQWRYCrCTwcYicVyYRCiU22gggFYUTatWBNHt1Jk7,Mina Foundation
B62qkaYsXdwZ14UoLMtrXAp2Up59uUFZyY4KpD7YbvXaMo3ByceyxD4,Mina Foundation
B62qid58wzxcQARBwdYmAYc3dVLFirx5SRGLdHUqMkQb6hVsRpUzgiu,Mina Foundation
B62qoGbqv395zDfi5Q9yPTxLgvfcLtFwJdmJ7nJ3tLKU2M7CjRY8kCa,Mina Foundation
B62qne8eYsgx4dFc1pBe4efuwamHUuKz7p1Jywyyk5v854eowD2dEMY,Mina Foundation
B62qjdPSYuVpB4uLp9V4Pw36GP4CgqKWeJExjzHAipL8KbrSa16uvNw,Mina Foundation
B62qipFGtaHAJpvGSJdYdVxJw6Fg4SdRK6Ldu51o2rVUGJF4JzgMqna,Mina Foundation
B62qo145pgATYorapx2boXn7AbhhwMTnWK27phLBkYwQJjjpCYXxNUP,Mina Foundation
B62qnAwsnwgn8okBLuEr63egNYFyJqZAhWwpyccbTZfyxMJgyDGcVGx,Mina Foundation
B62qniwr9y7XYbjy26rgu3UCFwHBzsnQocu5gnd6agwbZU7Gxtu7WJS,Mina Foundation
B62qiZppGFZmWNLcGDrPp4wBBcEKCRhSzY7VC6U8XL97ybesV3GECLt,Mina Foundation
B62qmQ68xVWawcdC3WAXCDiw7JevnocVfzdV5pq3gBiia5RydquLUcp,Mina Foundation
B62qkxHjXkxWcdnep9neiFpa84Dywf5B9cUNrmrMEJ2hMmw6iUeFieD,Mina Foundation
B62qrJHuDFWfuWStjyboPejGaP4HZqFRPQxsQtWaxhnV4iJBgfcH1cb,Mina Foundation
B62qkBoe9qNqxTiXBe5euvRvZi8rCUq9TgHfM2BwmcED7ADJHFkDQJN,Mina Foundation
B62qrdVeRr5u9kBomM18PQdGh89oTthxgsy8JTjSCFtyzGD8RWwUjme,Mina Foundation
B62qjpzAChiHvZZqchLWcv9SAc52p23oCerTPPrZzFqksLTgwSBo8Ax,Mina Foundation
B62qrxhjraNf6uXqLgWBFVAhsZqXAfpXAPm1ASZptnEhLZctRTzykzM,Mina Foundation
B62qmuzvR64h6vEt87ijpikVsVeoYdnYGwM5NFSQY98j3CSKw2i8GiE,Mina Foundation
B62qnpc2JJrKj5gash86vodGFsLVQawaLSiJwbUtPgLs8dcp7QyBzYr,Mina Foundation
B62qmXrQB8jpxHZ2i576MsMCiLNorggtfz9b9zVSwSSo6bdaimLMVpK,Mina Foundation
B62qqARg6wBwTwt1TQHkDuLqHHyYzPK9APb7vhEdxsUmCKaD7cQLHbp,Mina Foundation
B62qpYVQWpALzvtXLhBLcftFbSLv2bhDJYwfctSG1DKjE4by2h3Z9Fo,Mina Foundation
B62qnXfMmiMFkkpyiLejZgMuYYJuptdu2tyXKun1VPCS2xhFrwqvy2p,Mina Foundation
B62qq4MsguV8i5recmWUuYFWXpPW1MWZBjjjwEuChaFRuTioP8VUctQ,Mina Foundation
B62qmwgXnydnYAxhFLbyZ68zDQsF2yxDR92UUucBJY2i2Mr3U4Qw2KG,Mina Foundation
B62qo92C9siz8nua4H3mopoLxbDVV6dsoavd4AoimHAqA3ojM9pfh37,Mina Foundation
B62qrmk3L8KdNb96SqvohxCKZuhRVGRYYTMAgrKFhAD5T9terBwG63K,Mina Foundation
B62qin1sCKU7TQbkZ6Z5ka2armpaxkJgrWSWgUmGWG2qWBTPyxtqtuL,Mina Foundation
B62qp3Pd3QM7HXMYMdhWTjwTYbWZVZe5s3vKxdDvTV2YPSn4GBQ3M7E,Mina Foundation
B62qr7ncXwHeBXyQP2dThpWNwySjkUDCNagFkRba5jn4LyB5cSUioXK,Mina Foundation
B62qovenu34m8jqnnvxq13NTmpBHQbTodMAAErSXNzshZiTQZcCtjNs,Mina Foundation
B62qiUXLM7UrRFZxSKg3pLGRZWnQzyhLa1jvbCrhWUtfDpUCwEdyJz6,Mina Foundation
B62qkBU1d1gVffSCVvg1hsgFLwfG8WAkfrCQwoNbfLosBQMz7LFxF2E,Mina Foundation
B62qkPod2ScW1RBFtwUJxA69eNDfE1qKRsj8wc9Q91WQZdoTHorfTfm,Mina Foundation
B62qnRCUTA8azwS5yrsduiwY6q9M72ghdWeYR1G7hvmmoJk81XPiU7Z,Mina Foundation
B62qmLLeHwVNq3ZYM7ETt6n53s1YHRv69WHzJ1NBMDGkCVcHbUThqFe,Mina Foundation
B62qpurNfxgxGDDfhaX4VR8MTU8tEBwRtgWFYUiM7xiLm4Nqu4vHKbq,Mina Foundation
B62qkTfWwHvCvcEEr8i7zNgUT7FivBjWmE5wQu7yzeQxm1AvPr63g2z,Mina Foundation
B62qpNyjUGZyRXNpRKmVyPezie8AbVaTVfjHbFbUBYHYfQTynfd2mzq,Mina Foundation
B62qnQAEgB5zxKCz3icKgpjJ5BZwsTRE51gED6sJgRzzuSxhkdKSMeN,Mina Foundation
B62qp5Tbn8gW2FKSQkrqhVtGxhhrN5KQsCYC4rdASHjgUxn5vVezMCP,Mina Foundation
B62qjkpzsDcW4w4V3SS9LFuzFiqpydVvJoJYixgAG8qpMDPpaRnTpHE,Mina Foundation
B62qkhoEckV1fEZUJwD7ghe22ZGucu1v7jjMxqhCA2AwtTAQHLSFqVz,Mina Foundation
B62qmDwvqT9xNNwee5gZovcj5E8Vox2STA23x7SYRsiC1g7dKo6UJvx,Mina Foundation
B62qmg9tWG7RYemfvWtXjAVquUNGuJ2jgM1TkFokD92rB6yLSwLBDJD,Mina Foundation
B62qqkvZbFoWwAhZiAJmrHGQWY7q6HAnhPhLMs9jeZkDKFRqGgXHrQc,Mina Foundation
B62qmvq7k39ZHC3t9yBKXs3rkYBPAKXCWpvewjLJ64prmVqJWwDWKef,Mina Foundation
B62qmfGmXEqtyxmQQUjZS4WGdc7gbB3aNsuo39g5S6mY6VVr3jwnz29,Mina Foundation
B62qkoHmyjLDFzm8zcz21QWb3g5uagqUZBpssygbitYUMpd9S5sd66B,Mina Foundation
B62qnBCL2nL6u38wLVqPWQ6VagvCBcaMAXRiBY237h1NJpubThKs4Tk,Mina Foundation
B62qoWGif7FBbK8igStzUCukF5WMJZCqmFgdsKqHQSBsLdB8vWZrewf,Mina Foundation
B62qp9ZP47Wxi4v6GCHqVpbAz5PeQ3kYhB3WXy4AJvGZ95gEeveUPw3,Mina Foundation
B62qjeBcbRunMkcTmKTQ92nrMZUmoFKMccLBTUvnD43TL7e7Z2PMARR,Mina Foundation
B62qnVUKhkfS6aXNaynq9X1xLgdBBF6RHET4byPsqWEenj1dK1P2LUg,Mina Foundation
B62qigJASqWfLEfeWU7UPfSakDYrdyAgWHUuyX4kh2nsgLgBeRxpn1P,Mina Foundation
B62qpH3jQdvyx6BWJTPUgZHf8WXFhEoJRSmAqTNh5XNtBRH1fjkf1gN,Mina Foundation
B62qk5fAkq5XDDVGTcB741M2pJ9Wnq7srbmCadRWSkC9ne3Nubpgf5t,Mina Foundation
B62qmQ8ncnhsQR4RqBMcFiwnUcmuRHC9kYJDZSiuJ13tN5aAVLUQX45,Mina Foundation
B62qk5eE7w3Jqu6wGgXTcXt6ScVv3hCQ1kZZrWANwnbwttmZfYZLW4Y,Mina Foundation
B62qnTQLp9uHwzmxKuyDa2UP3QHpPZD5KiVGPegB1ZLWEC1DWC4h6kB,Mina Foundation
B62qmNZb837DtnkPEKo8Ph2CiA8yGCuG1Hab5Zen1AoEWqUjCVXDiRV,Mina Foundation
B62qoX49KkvYNJt5VQd9rUAgWJuF9UqpbeVKwitzLDC5XdwnbYdHAi2,Mina Foundation
B62qqy2yhUCw3NFqA5XjcamuUQYXADNU3FQzKbTthSGW8P4Cpnu49Gf,Mina Foundation
B62qmxTFPg2u55SEbookmXU8niMu9B5vLrybVW2STdKUb5tj7TtvabW,Mina Foundation
B62qphNw62QBjfwsoSRxeYb5sVyde16WdxkynC2V3pUR9yuMFoqHDUE,Mina Foundation
B62qrZ5r827VT3if6vgo6UaHy7sfhRvVyRsqxyswrEZ9AwfiWpjy4Bq,Mina Foundation
B62qmRapzi3nrctTihmaeH3CNbsDkpAAmf5osj9SvucNTU7jteFchhZ,Mina Foundation
B62qkvch5mqkErUrN5AQpXS3MicaCdUhScBVjHqDfbsbP5i42okjcL4,Mina Foundation
B62qkVHBqMkm6zmvBE5UHn4591dfFk8d2JLysx7bvmBUgwQt796878j,Mina Foundation
B62qpWiEcSPE4cf1F7UaWPt4JJZvme3B13e5S39tKNgqu86pszn5scx,Mina Foundation
B62qmFuBwy5JUZ9rfRFX9YDxEj9xAP8fszK88nYRwxs1zzfVG6hPXmf,Mina Foundation
B62qp1MrxFnKMUEgAcWq2AJscVJTVzpSZHVJjgf6GGS2fcJTDU5LhVS,Mina Foundation
B62qo5aeu9qezh2Z1qsKV47jHwgt8MvYLbKVWUSoi6iNaX165bAtmT9,Mina Foundation
B62qqxHGzvYKYH3nCK9fdB8Qvc53rF6VTDRDz1sSAnNTJtP2G9G6F4U,Mina Foundation
B62qpNBeLFvo8dad9LX1hp4aJa833b7C8RUnAP4EbQpQ9KhrY5roxWa,Mina Foundation
B62qrP66ehjMUjSPV4ci8scX7qrLYguLDEmDhQxsq1TS9BvarupCd71,Mina Foundation
B62qk64MQFspF9kcsU6QvmhCX6knqYRmUV8LGWKfNQWSf1R8snBPaSk,Mina Foundation
B62qpsfgietkCzKKfqbjdUmWFPjJRTykEabpx5U5A6jWdESh2eDqBNs,Mina Foundation
B62qmxDvkGqq9HzcPBWMxykMzNHEHuVyP3gWmNSy2CPT4hNQHzgpbxP,Mina Foundation
B62qp5A9NfjDjtcqy4Ud4FKd9vEs41Q7WPdSAzu78NFK5o6vbhExkSm,Mina Foundation
B62qoLLCQiB92VKj3bBpx6hUvat4bYh44cPNYWVPRqf8g67D7QPSRqz,Mina Foundation
B62qpyJsdHDj9mftCE55BX8JAsXh2MJtrHkPusDoMC8fUcmo5EWLvY1,Mina Foundation
B62qp9RWhUJt949SZKJNWq4tJpCEgEjFHD9H4JWLpxC6CkCgXQumCA1,Mina Foundation
B62qr874z9GXC4SiHeiX9cikUa2NUf1ZnL8bvmQ3rdq35s3fRYWwLTc,Mina Foundation
B62qpPFVqxDmJp27sLQzNB8MnkAcFTwA6QS7C46dMyVYcfq4oUyTY9n,Mina Foundation
B62qkMBqD63AvYC9gcvJLPcdVbNAG4wwjHsqB5wpLiuzbSjXiL9qHwj,Mina Foundation
B62qoJWcACRGWgcd7NBwnfY388ghN1dwoF6FXXLJtwsCQtgxUD3JXMJ,Mina Foundation
B62qqdFzNt7f3h5GQZWmHZhRi85r1F5vbcikoFPB14KxsytuukfZ89g,Mina Foundation
B62qjusyo8pPwH5Ho81j4CPEKkVLQGeQmcGsn2ZaEJLxJzV1EKsWYrk,Mina Foundation
B62qraZF2Ep3WheJdmtfQ8DG6JURv8giNdDThFV7eNXL8smFxY2RNiL,Mina Foundation
B62qraqoNtsxAVCpmVSZF3DVLzmM4uo63dvomBSogDHaGLJRqm7aC1D,Mina Foundation
B62qqt8AE79NdNDBPSrRb8HzpPqC3hTgWRuRtcbT7nProHH3Gcv6tZa,Mina Foundation
B62qq2iUH5cE9b7Gjbw8pDvuKpEzmqFiXxsDazHqiN2tw4cKoomvjBy,Mina Foundation
B62qiaGV9Mtk8ZMGmph7WiYPzuZYp5qvbWj1Re479rvGeA672gmRbME,Mina Foundation
B62qkkvP9xAwiCsh9SqK2nSEQxf6pFG5kkZ5K9Vr8wVzQR4uhynpSFw,Mina Foundation
B62qoRg8wZPkeTL3bhMkay6Fj8fo1hJF6iZtanxrwE3LektzfLCtSqd,Mina Foundation
B62qksjpcicN4YAXFsvojtARRNyDHuSJkYS1tVpspWfxPQg8sdGivnD,Mina Foundation
B62qrey9e8ZsaaJv2KwHHowBhn2KvTcdjSiedqgD6nMQoh6C1F7K7Zz,Mina Foundation
B62qk5QuT23z9F958QrRcKZ1ZWiXWmwj36uXDdoNGSiSxw1hNgn9R97,Mina Foundation
B62qifWG83TzBDNSbqsDkmmYybQx3umZSTNeqQ47t6mQcpJhCHtU4af,Mina Foundation
B62qkHVcy87zYztXYmRuPZ2asSMqhxkpAHwGfcCToB1R7DLHnPAvqrv,Mina Foundation
B62qph6BZp2veywEtbtULgepSmDvnXz58mpj34gvBL1iQj5stHpavd8,Mina Foundation
B62qpJdCFAoycomY7LRfNXZDHvULj6ug8bh1huFVGMGzX5jwjQ7JQ38,Mina Foundation
B62qrXCnHQrSf3XnAnSb1DCUDka3dZVWB2XqH7Axr2vg2KaFXsX6G5R,Mina Foundation
B62qrnLPoK3bsQvrCM5mFH5SkkaaGBhYabSKb7zUdvDY2F5nb46HtWS,Mina Foundation
B62qmHpKBQ2FzUQijFi9UMRU2txrLb1GuQMr7vUCzLqnDJexwTdgKbV,Mina Foundation
B62qpe15stHjxU2pvRDkM9hp6J1hWD4Cf1zmKGCtzsg9awuVK5GxcUR,Mina Foundation
B62qpMzq4vHG8RbUpEVuGrYG8tJP4fPEbUwosGLpwLQsBFQ7d5WKdzc,Mina Foundation
B62qmBKWg1Z8cCQoDGXCZSqVopP9yVRfYcSSdWBcydG3f61wYxZJPMB,Mina Foundation
B62qnSdNzb8icjWPiSsxgKfB1RvD47wLf9aYfVRd3HYTk519fhG8RUK,Mina Foundation
B62qjNiMHpfrTemjZe3BYDdLfeFP9GGtyv3dnef7Kqx5vmdZo44mbJC,Mina Foundation
B62qndvr7iZsJeFdeYVGYXP6oJY64T5BHjPBTSrfdHrwkxuEYCfa1LF,Mina Foundation
B62qovdiupo2b2UxNhASffHV4CKE5abZD4TmSdSJZzf623fkrgLvouR,Mina Foundation
B62qoFmrHvDzz1H7qztEkvkaqNUbGUCaZJJJjXb8xMmxVotSaWDmyMw,Mina Foundation
B62qnkYYpjAHWvWkYsy7ANo9omZSQ53bwhKgHXUk8g2XANkjEq4AfNS,Mina Foundation
B62qjMbmoXjUXSjqiR3z9zn8uSF62kExrbQ1mQq51w2ztVbSgEZGUmH,O(1) Labs
B62qkMiKSD9HWrAc3oFqYbup2vVXQFDSrSr76zjbr6yExZarEJk5jUc,O(1) Labs
B62qidGPfiiweETgxgkTrWRY7yPTS7MV2zz8M7RdKhuj3sAJGFDikfH,O(1) Labs
B62qqEV4oP7w2jLQGckvZzdWjfdLKySKHJ3tNU5niRjpPD7beYumWTB,O(1) Labs
B62qpTThstAYrb77DYCDygGW7vi1vgQ7mWNskcVRZ6kT7yfmHSByzxt,O(1) Labs
B62qnMQ4Jd5pzu1XhiCXQBTgLB1HixygpaNAgVXMj6DajQNsEnEJx5S,O(1) Labs
B62qmCFjyTQ3m7GhCcdJTrdggMvdbxJTiMFrsFeZAdoyWQk9DsAjNQw,O(1) Labs
B62qrVyhLi6qSyAs2wzdcRB5EMvZ51cn9WQyQtM2M3igu3QKsTwGJqd,O(1) Labs
B62qrVoMR3KnkvRwWoPhdmKJgegUwBoEnaxSpCiMeeSZxZ2vWUpxFgL,O(1) Labs
B62qnTX7QhTmAHvbSs7dXa2aQNepP9raeqTj9fVJd6DQb7SJCGsUf1p,O(1) Labs
B62qmojeHVL8iTWyaXiFEAoN6rbTFCUpP8FoVSW91P3WHgESWepbodz,O(1) Labs
B62qo7fTZ4RJBJZUeHEBCmNb5jdShrcLPZVs6YFAYvWQxb5VamMHMH2,O(1) Labs
B62qkwKReBsmE38P1fbWopHTRXBspPRDLXFs7pJEKZKDDjsrYhZAjHd,O(1) Labs
B62qnwztbd73arnJBo3Zjqw8adn5xvcc2nZX9rWbGRucd2a3rUop2M8,O(1) Labs
B62qqxBaYdaYHmqEaUvdwGzjiZJsDqySke9FPDr5xBxk5xUHfTv7buM,O(1) Labs
B62qobkdtpag6cZzbkPBCGMxawPjHcBB82ja854Cz8qS8rmy2GMVns3,O(1) Labs
B62qjz4dmTHSvMHzDShvrBcq5pJERKvZFqmJj8jUGiSAvNiDeApnTHF,O(1) Labs
B62qpnWSJDnXHLWU4tSnmsGPLpcJRd7iT1uMvfByy4Xa3D1GcEkzVRC,O(1) Labs
B62qopfSgwEn28YdwZHh4khMy3KEG9dy8Jfrv7cveUJw2sHzSCnWoqA,O(1) Labs
B62qrEcZfLWiRe3WuCxvmm7oBZSURzBKNyphXMdiEPEEViq8JjXWHNj,O(1) Labs
B62qnPhXw9uumnKzcC42zigqB8KS4LXRUzSNKR5EfFc3gs5ZVHmYgTu,O(1) Labs
B62qni7tpQrD2w6JoMSMKDTa9wXR6KkDMpCXDSh8h7ki1afVmkrnvno,O(1) Labs
B62qpNpan4tw9yvUXvjN5ScB8Sm8T8Vwf4Vc9n7o6T67jvM2VMTynAN,O(1) Labs
B62qjDRP6nNDtej55V9tdmWhMtyjXuTFAHHEH5L2MW2nQ417wP4a9Zq,O(1) Labs
B62qj7rKdAf1JfwV7PkU9gvR7fjLjXuEomU41coasvPEyY6PajPmrLP,O(1) Labs
B62qnkgx9qj5PGBxiU7e6uHqEbKpW2AncbHP76LbYFd38DQK2YagZ8V,O(1) Labs
B62qj2xi5jHnwJGFVnB99PKJGHibvd9XgrrgyXh6aRg7HkXsJ5cZemS,O(1) Labs
B62qrFq66RPg47pcfMTyLFdBYWXRJaSFBfHhW5Q5Q8kzvomnJ6v4da6,O(1) Labs
B62qqQc9UycySBf3ivyEaFh3KzFvLFjfwnKQsVne6VwSdAp8nEjst8S,O(1) Labs
B62qnzD7DZ5jci5vHrKCuJhmoHjwrM4pAhuAiKtQBD38h3SRKgixaV8,O(1) Labs
B62qmQ2n3jXzMqq3rwuqKwJXWYBRZYZoWJP1RCJjJbwxMYBMRNyM2bQ,O(1) Labs
B62qqbgxBFE8zptNynKQANv4XXahadNZFAFpATzAoQYFZ6UFaKdghk1,O(1) Labs
B62qiYiBh33hw4cVuP1RW7RVgWwFkLC2Q4DRphdHkaigQSJdneCrUAs,O(1) Labs
B62qnDCGgbS3RwyV1EqGrktyiirSKr1WPpGHz4kA7EXXNgmaK57QWrL,O(1) Labs
B62qp1C4ed4d4T9Hjy8ZGtZBoy2a3mubM6Bxf9o45LiLfBN5pbTMu7P,O(1) Labs
B62qpfLn6rojNNJdbg4CPpVbh2psKRUf63A2UHyy35PxYF5gBAbaLEN,O(1) Labs
B62qnPXW32xnngFowoZJRQXZviac2QvecUzfTfWdZCwTZthRzURg4wM,O(1) Labs
B62qpnwuE1EeQHNd3JtJ8HjuK5VLo7E71J9oj2V3UCh37bjC8xc1kKC,O(1) Labs
B62qiZv8fWPqH9oCUruNLuJaranpRAXeYzBMpVfZWA8Ui4bvZiGtQdT,O(1) Labs
B62qkrhver9hVfaAU8hDgCqqtk51h4km4LwzSpvfxSpDWPQqk6nhdo2,O(1) Labs
B62qjS6saLcoHU49juMzdzYahEsVAu4kd1snPmCyJ5yrfu4zzVgixZC,O(1) Labs
B62qnyMshbjyi4ZrnX8SMKSKeEq6zXMDgnsmfVsoHQvSi4mT9jfpGSu,O(1) Labs
B62qqoKGQqxvrP3F8JQDubvLednJJs51oJSkHPnJRZPuwL9FT4oyN1x,O(1) Labs
B62qp1RJRL7x249Z6sHCjKm1dbkpUWHRdiQbcDaz1nWUGa9rx48tYkR,O(1) Labs
B62qpCFiMgogyN1XAkRiS9R19GBShquY9uv3WK5AhLGhrufvdM1BCvd,O(1) Labs
B62qisTrSDcz6mEtrzgHN5KxPJU6pf4G1v9vb9PMHAmnoRTWWqrAAxh,O(1) Labs
B62qnAbmwZzX5HHHWwCaFJRahmBs9BT6Kj79tvd482X9eBAr9M58PrX,O(1) Labs
B62qmadAHfyiiraNwvXhWC7g5q9qT5bkjA4FU35kycMrhdrEJjguJnq,O(1) Labs
B62qrcVPyssX2RkRPMoD9PiKW3g3yVdAPaL43UpoT6cvXmNqzdwvLzQ,O(1) Labs
B62qmNSqURW1RVAaKKuNtVqyrT9DcBD7PUrXuUivfcYhNA94ZVmeSvx,O(1) Labs
B62qmJMuRKGqHt9ggz1ms66QsgVJT4b5bzA64EPWxUAHhztmNhGsnLD,O(1) Labs
B62qnTWW4LjADBLy1wZZALkzHrMMGHPLu7qbGNgFpXyxUpRNHTc2Zm1,O(1) Labs
B62qnz8HG7Z4VxQFhL1XakcCdAmz8CH2bx6YQJz13kcQrDV3W5qag52,O(1) Labs
B62qnNWzsD8REZADYAEPZrgGaTdGnSBaNDi2HyrjcQSoGfRbBDWhWk1,O(1) Labs
B62qnSrLh5JauAapgnfjqrB26Vh1BQmddaWpv1vXHkCjRTZFh6p8Qpe,O(1) Labs
B62qpYqGMW6LJTduabsY8TRVbkmkh1vCNdVuyx58vvTnvJHYSjXV8Ci,O(1) Labs
B62qpix6rNZVY7qhMDnVmMjCGuA55TGmco7TFuEPuMWrxruhWgu25HZ,O(1) Labs
B62qrenUVqQeRTNmeDAmwJcvZVFfi12m3nt12PkHce1vgm6MMfoVPuH,O(1) Labs
B62qp4fLmc3ZAZxUEp1PFkiepktWS6M2UcKrLqhUmLr96BBfPK7DUdo,O(1) Labs
B62qrSbdso96pKAHdpMTTe1AC4QDGUYvW87vaEPdyAjWLdhryZivTvv,O(1) Labs
B62qpKBNFBCXaFYFyGNq6PcRJFnkeqt1pBTDv5es1JWy6EFqpDDRWfB,O(1) Labs
B62qj92oA1YvmddEq3MTSQSMPumQ3PDwhSaUQJQsib6ZFaGpWhwHsKG,O(1) Labs
B62qjojdRSc4L9z1EpqiHAXgktyzSpL5QTUdJXLHQ4Uaj5hDpScbsMC,O(1) Labs
B62qpAZLBaYoBqyQ8fqBc1JZgHp1KgAzDPiYeQv9gPpfPFw3hzPdZ24,O(1) Labs
B62qjNrEEk2fR2T7TjtnFKpQYmZPU9uCNY3Cf5dfcKf2HjzsvPe51k7,O(1) Labs
B62qoXrSMa8oXoXX1K5rYJuzYNXwQ7wksCgDRya1J57HfcxUdTMb35F,O(1) Labs
B62qiw6FVYgc41gJJmh7w8CTQH8vd94uVR7L9j88xNrhGvZJ5vS74og,O(1) Labs
B62qqBvBTSsG368YAxxiHui5KKSd1NYkGjXnCzK6Ud9Spnyp9zoWw7t,O(1) Labs
B62qrs3r78SahLdnu5RpxNVMY5ZYhkMwmjcsyrXrWbAMMSHjC5U9Eo3,O(1) Labs
B62qqpnUBrffgQR5YCNUM3L87jLCMJ98oxJxvwkWcBM2efdxjjGgca9,O(1) Labs
B62qnbYZLVFnvcJQhTUT7moJGfRqKXG2Tu2Ve7jTwZ67xBa56g5pbPe,O(1) Labs
B62qm2FvPP1X44GPT9cpZSRtmHkNRGWYFapWzeoj4u4XHSm5pNa3iFi,O(1) Labs
B62qmwy5M5fyZ7BQmu3sh34gzP7nAoQrhqjaQnXd8aRqHHAXk7JQUga,O(1) Labs
B62qnjNWCVvmLezFUdj3aRCxKp8HNbfbXtU96cWcvNkDTkG1ownsgcZ,O(1) Labs
B62qnQwyE46zHA8FYGVkuyoDJa1S5sLprfGyNUei2RHs9YU6m954p3U,O(1) Labs
B62qoZh57V4rNQ3FRv6tD1pc1MKQDmVGwk6R1qnKWNV8H7sygCVC7Gx,O(1) Labs
B62qnQCf7ccbb8f39jDzKT8kRNq2939EpPaFGpaQ4agUuy5ozytU79a,O(1) Labs
B62qq2vc7VoZ9vGxze3JfekNZqfJuE4Pc152EsiLYf7xvYBQo57rFJN,O(1) Labs
B62qiYNLfwY6qLvuKLEAknPH26uTujWagSnDfGVfzsDfk39dmnRRW3D,O(1) Labs
B62qrnd2kXPYFuVaBEQPApirUvDAGfdswR28XsXK9P5qvAkGkRbxBbV,O(1) Labs
B62qpUDNRQosRHsfJBsH5MLRkbJ8kRbPUHKQBj8Wu6Z8VUeSRKJT25j,O(1) Labs
B62qie4xN5VuLntjGz9Fk518D3ExeeDtvhbJcJsSBfTMQZY7sGMDRKr,O(1) Labs
B62qpdXgX5zgSthWWNGHieRp9oP5R18GS52mfFsCz83tUrb6YgMVQ9B,O(1) Labs
B62qiTY8rERRoGZwfVDxxRSyFBJCNht61Ct3HpTzfm5754gfPqE5pxx,O(1) Labs
B62qmdFb6jKiHqzf7h9B2FQsdtdqvJJ8uiWV47YKgJQ6bTAhNWUgGm6,O(1) Labs
B62qorY2JaxNFKJDSCUUipRSAA9Jha7rw8RzNxj9zRPHsChF8osV1kg,O(1) Labs
B62qqCh5YcsZgofmiUdHL7GH6SSgKq3xFFafu8B43vE4kBo1ni8qset,O(1) Labs
B62qoakPjhxKKgXAJ8TPULPP8rQWQFjAcBotfot6Dy89rzsCKUfme95,O(1) Labs
B62qpVvFhkeTtSSAY7xjWAx4EjQXZsttbNCSdrbPsf9gcuD1JqbRiew,O(1) Labs
B62qmAAFyvjEEdogSJAU5kxnp4ckdfL8ymcBmg7S8KmtVAaMMXbWGbi,O(1) Labs
B62qkjmv4ZLSL1nDp3EhHqTvsey8qk8UVb6pjERkhSA1JtrRihqw5nF,O(1) Labs
B62qppXNdhrxsDKu6bLguRAzrAWaEUYzPZeFrbXAwtGuz3Jb4sHMXMz,O(1) Labs
B62qkam5V7xGsozwyR3EJoHQzGF9oMrWVryPsyzkYYfeDbg5kEWdpQC,O(1) Labs
B62qrrLTwkCgPNmVqiAnjjkwfu2CxzQh8dgxH8Xp2TdwjpdsFQqX1i5,O(1) Labs
B62qjTastRs5hDSMrFvic4sTxKdiQ9Dr72MSg1DnSVpZitcyGg1uVcK,O(1) Labs
B62qj9YhQjWNN38P4AYCxABa7bYziNA8xoLQVDoSM5ouNhfksQSZrTV,O(1) Labs
B62qiyrmLzu2Ad316mrmG1zw3wTfAQ2ZaTxA2JTb27kAQHmP1hjvAQW,O(1) Labs
B62qnXpiGdQQ6athywiijFWVesiFZdPw57Wbty4CfFPhr96NLooSKSK,O(1) Labs
B62qrKpENNvYAz1CJZbkBTkJGN1WGnbYPRgLN1aPXUPSEcHVfzrEJYK,O(1) Labs
B62qn1svyav77n4ZvEc5uo1oHBaVVXbcV4vML6pgML2mnSi1VCQQN7f,O(1) Labs
B62qnZ8ngDoptzYHQSoEMYjefhcnmSPBdEEnAzeztndLELwQQmjKrUK,O(1) Labs
B62qqntBBqvFYWPJibxQcY8GQ8d5HKvshegCyyioaLcHAAkNT3DeXvC,O(1) Labs
B62qmLunRmJHYE1N7B1xACrwoYcazR19uFSGLij2xGUqfyEhTQno1ax,O(1) Labs
B62qm9rEzibmu1XJTn2CceCJhSzzT3nK6FGHkyEhuNUsRkJsCgYnqaz,O(1) Labs
B62qpPQiXis4sTGj1vHqtwJvRhVWXLZtDBem8bXJBFGUr9nS3CV12Bd,O(1) Labs
B62qkaxz722NcaLjv5VRihiEQrLGbn7CJMdZe2AKut5mLx1UKRhdMEW,O(1) Labs
B62qmPGYt6QM5SNTmTfFM4JtQXhdEnMpo9joAe9vsEV1ipSU2t4BP9H,O(1) Labs
B62qkDDA62kx6nVUJyGh9nuz86wmYHASu71dnrmeBMd99EowgJ9ZRFK,O(1) Labs
B62qs2A9uHKFAA1AQPv113dReKHduJfQ3Pg3WDyUMYQmgk6pYBYGTfS,O(1) Labs
B62qqLmbqTN7FkEs8dP2K7gX5pDUHJcwfEeEDdfziXowCrnyqpYEhwM,O(1) Labs
B62qqvoG1UMgx2rvwBwFX5bGQmt4zLhcfBLB54Gf6YMbhDi2XzzqfMo,O(1) Labs
B62qryctc7Uq5cq3S3HQfLM98tPzBVU52eF2PpxEYyEoHxDtoBGSs3Y,O(1) Labs
B62qprdWQZJDnhBmWeSE8TNqSZYV9oYRR6YKwvabSDPJuZGD62gmu32,O(1) Labs
B62qoGGexxYTFQ2A1BurUMJQAEF1ZbzxtJ84iVCooRTn8Hd4q48MPcP,O(1) Labs
B62qjxgReuj5FKdrMw3i7d9A4yjwTvu8mr9roy9f6AUAt1orHEArLhC,O(1) Labs
B62qnGgJ1AmXjzdSWH2327MFSAWKPuB76L7yk5cRqNS3WC5BdiiyLuH,O(1) Labs
B62qpn33ywugMMhgCfMz13JHotUtq1XJme426v1Ud7DatcRrKXQgGdp,O(1) Labs
B62qoGveNQGfVkAjvZyjAdQTddvdKVFuS49dndZMzBZLG84jYuLBV7s,O(1) Labs
B62qp4sJA9R2E7pqCKf4LaC2UrWVrKXAWcdiNZwofZh3XqFFZs3MVFe,O(1) Labs
B62qkPLhMSTJ3GXa6urmWQZf4pr3387k8cUsLdhDqtcPRiiLZbV8uCs,O(1) Labs
B62qpXyX1z8kE8pvJgfDoSsY7r8yimEqWzvvSEw9putVG4TjFrdATZT,O(1) Labs
B62qmEcfvLuJYd625PHZUov3RiMEt7Mayed7ywkXoByCANpGPWVnCLF,O(1) Labs
B62qnJfcBL26QpmiTeMx5p2m2zzyJi6CfBnqLbsBRfxqE9zxZFR3sB5,O(1) Labs
B62qmsYXFNNE565yv7bEMPsPnpRCsMErf7J2v5jMnuKQ1jgwZS8BzXS,O(1) Labs
B62qkpvmmCAXozUrhGaEXm5GMVtsGb3jaBPjTtVEcNThz3QjxZFqneo,O(1) Labs
B62qk87jq51vzPGrwafSpPczAYGZJii46PQx362AbqYcDAtG33DJVgS,O(1) Labs
B62qknFbTU4AAg5htLM8Jm3UmodeZmNQUD18Gh5ZPCpN6w41xhPt1PR,O(1) Labs
B62qm2wh99cMx3U94SnNKPCo6yPnZM49A2J6ad9i3HX2o5TucVZJEGq,O(1) Labs
B62qiWMgGFfnWnNS2XvCJhxmaLHvWnHBXr4EK3MopXKzutq4Uu34QXB,O(1) Labs
B62qkNm8jmhLKWhP5Qr5LL1RtzRz54rhZjdLxCX1nxcgzs6EB21jrdV,O(1) Labs
B62qmDJvagQNBeQnr4D23Wa68tZJG2qniicGNTEaNuv9tm1ghxJpUYa,O(1) Labs
B62qkSXoeyA5TxWqb8CFyrBf2yYDwRssGYxpuYzUJSL3ttDgpxDobLs,O(1) Labs
B62qq9vZuW32TxPcWysNkYdDgFFfoLoNBFhdNsHU8ZzgLToYAbFFYxs,O(1) Labs
B62qox5t2dmZD2DbUfHLZqgCepqLAryyCqKx58WJHGhGEkgcnm9eFti,O(1) Labs
B62qp2ZguTDrd4zqZQLCS5ZShQQNgWwAGBn3kbcgjLX9mqtP37aTpGm,O(1) Labs
B62qr1H1V6usV2pVMP7L5sUzFxFyAfNnXWzGVmwZj2puLdNW68fwEES,O(1) Labs
B62qmUcnbr7qd6UDdVnZutKPFagDQDyEB7NTbEFJTV2GZvWquyMgoQq,O(1) Labs
B62qkw8jyHCeBhWDpGXVw9yKpm9BxBSWWqVBWyh4XTHoea8kayfKhzp,O(1) Labs
B62qiap2uo2Kt8RzoupS8jqCvAKiUZZmiXZUJM9gpmc1zq8KdFtKnYb,O(1) Labs
B62qnPcQT5LEny2S7LoHpPxQvKfo3Ua15PkQ4tUP3CSteXZ5yiqaP37,O(1) Labs
B62qqYKsXdpf96KhFvJpeHwDCNE5iUZqcPtxca3WxL5HZQ2HyTj2g6K,O(1) Labs
B62qqttd6WJbThh7wFrQThWt4PCNKWnAyrXz2Mek6hwz2aT2k74NzDE,O(1) Labs
B62qr4TM91FYFCk4XqLsgaHrmaNrc5FojZhWbssRsmkGT5zycZhhyUY,O(1) Labs
B62qpaGDCfgmrUhDGQcdzRGCtCcUukU8bptsDp96fdovy68HnXeg2dw,O(1) Labs
B62qoBFvWZADREXjtmGvDyyeginMBNv9W68wFZkwD5pfbphjyfo7MMP,O(1) Labs
B62qkVsDvq1wNSwwi5ic3UN9zxUekQizbXCccoCxxTAJUWJFDCPdN63,O(1) Labs
B62qjGWAiMSeL4HqeWozmHuVKjhP5ky2iWKv934SeG53jTESBJgg4nb,O(1) Labs
B62qjtd2hibm2T4oi8yqVtZVt9LZi4KvH1CQX8eArTmJumjpZVogMJ6,O(1) Labs
B62qpaoBemteDmFY1Usjj1PQUnerArwa2bdpqMednXbuD4aHT1ryHCe,O(1) Labs
B62qpG8jpefptAeT9en6WoPzaW312rMJLwoL8pRmqcS8FCKiixRjofg,O(1) Labs
B62qo8J84nSRhYcZshZGDtewgb7R1PyLz9J28PFm8B9ovfh7vu1fE7N,O(1) Labs
B62qku2Fq2gbLmFPi1JxWxEb5QvX4Qy5bwxuiSG2BoTRgz8MQKEpAUt,O(1) Labs
B62qmSy1QA6Qbg6Pi9KwudDLFduUGt9dEFkMVuqJwzcherG2fosok6Y,O(1) Labs
B62qo3N2wRdhBsCqgGYJ83Pbhei9cEvMGrUL9zr6NNbbMq6wiu2jHma,O(1) Labs
B62qnwLbBcpuP1xFPa9rZte2mYAKLijUtxnhBqNh3fxDifKQj3T3JYD,O(1) Labs
B62qqMrZUfkMKB8d3i3Wiu8CJzTaFFk84um32QfwuEG6odySYy8D74B,O(1) Labs
B62qpYri5rQK1u5sjVSh9kNbDRr1AbHNsEQTGd1bEg44UJKByLCPnuX,O(1) Labs
B62qpXM7C7RW2PsdJz8EEYbGqTXhPvVW9RQQ11Ctc7wY8DbhAjyJJGT,O(1) Labs
B62qkH5oH847YezFUPiPNq7LbMaNDpZ5SBp7Wp3maPU8DaejgCG9V88,O(1) Labs
B62qmKY7C4nK2rnjQJcxMFJH9fpPkuAZxUL8opGzqKPrZnrnaH14hd7,O(1) Labs
B62qpB8GXzKSK4ASmHkpMS8UpvyRB3FbMo8Mjhpzs6SPXaEtGnv5Qti,O(1) Labs
B62qmq98UH2tX9NiDw2AZP5aGiwKfxLnVTkRcozgbRZ3opPSPkuXvqE,O(1) Labs
B62qp3kfaMpfr2TB1UizLUBv54BELBovJJWjXjVMfFiJfY7AuEZm6yV,O(1) Labs
B62qjk4cMyZCGhftrDZh1tQK9w7c86bQ8m7hRULumwhpC95Tz4HaaiY,O(1) Labs
B62qkV6HMEh7SYKuLzdpCpx9syw9VDVNGR5SBWVTbQJV9bwWZ96iP8u,O(1) Labs
B62qipscEVdb7J3U8ig46wgxc5jVtaqnHrCQLnnvkthYLFiw4MPvQxY,O(1) Labs
B62qobGqxagMKDMP2UiKCHWj2dZovDyBtdDiYYiYGSg6TQ8Rxw5fXBj,O(1) Labs
B62qiv5rWc3VMyMUP8yc1BN7KZFT3MH6TUrRVMHUZkwveYTiK3YnxfJ,O(1) Labs
B62qmurvwu5wPC4X29DGAnTTys7CXpca3qTkJKw3qh2F2PmdCFkVcQ5,O(1) Labs
B62qnEjHVb5sFE8Uh8TXs3z7vjdsFr5B63in8kkBkCp5uA27qtiiYCf,O(1) Labs
B62qkR9hUHJVXxitqdVAF6bgefB2iCAXqMsudA75mSr4VMY6JSEGLJe,O(1) Labs
B62qjzN25D39t1RRCZe48NuhcmHXGg3t3ZSDUm1K7tZ9cBvkdULmhRv,O(1) Labs
B62qjq7vHyZM1YdZsQo9C3oW2QfdP1494iYD2Hs3uB5DSqGbk68vgCc,O(1) Labs
B62qrxHA9WaYLMCMmq89Knh6kbm1uDX99zD2U6DvVAH3JEXYqy6eQuQ,O(1) Labs
B62qqFY2G32WGjvu4hDDHFzXgJbdvCbQQmFjraPnch4uMW6eFX7qvLe,O(1) Labs
B62qq99djC5HtNVdiBFZ3UN9a1Tn6THZJUcckEtAJon7jJzQMKDU61G,O(1) Labs
B62qjKzYp37w9XyFea8TA87bGNK1yXRsrZxNJqir2WTorTHMD9Jkh46,O(1) Labs
B62qrjUz973gGZEpJwqQJ6MiwWscqx8k7fwiezoEdU7VBnGQ9M23QPU,O(1) Labs
B62qqWHppuoryyeeigDZu8tU3xbse2sut7o7ar2vh2X6XUnfaDn6yph,O(1) Labs
B62qiiuXuFzqpRaywDot8irDtZcWK1PY7wBsxHn8jPzqHGMCz6C7M2J,O(1) Labs
B62qqSHhnQr8mnbZmMnwgPfQT4PZTH9xupA5a6uRKt1Zdf8nRx2U5kF,O(1) Labs
B62qmQ8943HETz4i2PFsc9EYyNAVrtFYJPAR6QMjCk9hT3DPgQmNgJ7,O(1) Labs
B62qqLFzJe6GjhBzVmpm4VHvFWwFk4n4F5Ci3h4DHVQgfJvkWoe9sYv,O(1) Labs
B62qnL1ks6vwcqdaAUSXrgGEy22kZDoKZRFs2NhkT7SuKMzevnCZUVG,O(1) Labs
B62qjpFbzR6FX2YJzsUcimJCTjMsozchBAyrDgBGUZnmEwCAj5zciYn,O(1) Labs
B62qq8aDzB7JSJvK4fKAKZpMfeNBkVVdgLW256cFDEWxws2gdCap6Vt,O(1) Labs
B62qjfpVTExVXjaCDEkK5un2qUWxE7QhD1SiYzMW6SED28WDfXsoDi8,O(1) Labs
B62qpxwBDbjGQtQHdjBX6SkdM4BvcoS6F1U6hrRa81M4acLoNPMkjYT,O(1) Labs
B62qo6JMHe2uf5Cf8vQeLRFdufJYxNq3XHW7rRuTVriKNTpWpEkbpok,O(1) Labs
B62qkcf3fkdzyw4D7GoMVwcEbYyoV2xd32iYfcK8iLWs1o9UD9oHyQ1,O(1) Labs
B62qpFfHEARyRrdFLowd7GSkw2KTnZBZS8zWkpFMDxAy7X6Y86VGU4a,O(1) Labs
B62qpoonGkkt3p5B7YqiuaVD4tr1LSoktxLxQd5UmWrPv6qbZ2JvQgv,O(1) Labs
B62qjduxMjec8JnUk2P5sjLWtxuabDPFvyrbgwvNZ6Vg2T61ZB6sa5g,O(1) Labs
B62qpxNPYzKkCiXKN7UNTx5MG1Vaf69YMFBmzFCU8r6YwVpbLrqBp3V,O(1) Labs
B62qjGio44RPhEjYx1btYmPhAnXjromtx3NgTdAchx9BuaVyT4tQieJ,O(1) Labs
B62qrQwEGGVZszUG5taKCYxdM1yf9sQLiSzNtur3u5hJ53osezWP7V9,O(1) Labs
B62qkHHBnLpwcg1u4jgajoUUoSXHxMFEfZ9ji3JRbzftY6gTmuYZAxH,O(1) Labs
B62qnhrUFMCj5n5yiPuXcQYqKh9d22ZWMW9LNxGdF1FkhqAT3B8KmgQ,O(1) Labs
B62qojV8copSeupvVFup3Etn5cHWkTghYkSDjYzrge2oXQNc1y69jj1,O(1) Labs
B62qo9nA6D6qXLYC8NP6YonkfaaFHufaa19MJvCNL5vEikJ89WtQ2ZR,O(1) Labs
B62qjkhkXBPRuQ8eLEvoXzEHegQm7LoRSF1CksjYKU8Vgnzq5qZh2S7,O(1) Labs
B62qpZ5o59hbZ7oMhTSiNBj1cz4J5SsuHa6hbsgtXsbudFiDsAVrbzz,O(1) Labs
B62qrtz4HcUf5M1DY1CPyGcRsKmrusriSKEzZtVXJGKCtWPX9AmsMxw,O(1) Labs
B62qniRCXGwymuWvRKe2WBWNVrx9ht8eZrQNCzGdtW4N7Fqj6iUfNqJ,O(1) Labs
B62qkRewwZc4NgtjBS4HwQTfLt7t4cSCaBhZ3Y8TQAgHhpWZpKuYxA3,O(1) Labs
B62qmbZejY2rjWcX4nnk1Nsatx1JnTybwTPTzCBNXkgewtm9VVZR6DD,O(1) Labs
B62qimSXq2Jp9Fx8HGg3nStk5UCAQNKhpbB8M8QR787RRmpHKGqgZ3P,O(1) Labs
B62qj6WR4x3YBiqq6mXwxEtg4EWYJ2ELzvWe9bZuuQ1m6sCpjNv68rH,O(1) Labs
B62qnyqqC5NCsFMRRYyKkhwqpxcmCLUSmpsM9vGQhFRU55Dosnt4ryH,O(1) Labs
B62qrYQpG9xQxD78Jd9BJfNRYx9xmrcZSnCgY4gC5aRr84hQo725NCJ,O(1) Labs
B62qmKJxgh6h4i56hTXmkDL2Xpesm94NNm2Ev4ySSA4rCE2Z3JbfZhc,O(1) Labs
B62qnYqMnurSMbTWdD2BkeQLudy1RMm3eRc7DeBuG8QykyJ8gZ8Gdv4,O(1) Labs
B62qo5AuWQrpYPUckr6snpnUm2TJxPjMN1wBcJznJH1dzYmhbHsbj9A,O(1) Labs
B62qkVvzN5z28sYfyr5TzrMhH9qTsnNQLttjpJjzSTswNUZgrWkjbZR,O(1) Labs
B62qohPAx6tKFDmVTLGepyruaJNjwA2k1mfnhBbQ8Tu6BeH6Rts99jn,O(1) Labs
B62qiUXwV5V9ptLxcEerkYr3kY9EGmhJZUb1h3ro45BGgForJSSmknZ,O(1) Labs
B62qodkoaX7oEbwfeCYfC7MrWCLgD6w5f1HXcWa51RZNk1Sf68w3x8i,O(1) Labs
B62qpDQHkdbMPvWzHgUcrxtJXNsuEg7tpCL9irDMNZngAJJR6Vsnv9T,O(1) Labs
B62qoNcRg1LV4JqCJ64NWLwPsThRg7GJJQgvBiPAWuMnLDCUXigXV6d,O(1) Labs
B62qjrMUVbWBQSPL8BgiJe7QQJ6RvtBSckxeBGt4C1YpHdHcTGjEgj1,O(1) Labs
B62qpsKUHUnJfmEBWiAQLevw9dec5fy11oeoDYvRVrRjrJkjovrVDWy,O(1) Labs
B62qimoHcDpJQk7onuWv9kco61Uyg2qTridyS3XMsp6DMKAxRq9uLa4,O(1) Labs
B62qnQ1RWPv6Zu8W1XUSP5tKuxAQPaHaZY4MdTRt6KGZzgvEquz7yxK,O(1) Labs
B62qrd6hgek7MF3qEb9AbZp9Cjmsd58xSCB1J2but4F1vmsgeQ25N2e,O(1) Labs
B62qjc2RhgiL8WQomzjsWkwKstX78Fvkwp8q4HLgRvM2tVvxc7nxLvj,O(1) Labs
B62qkYD9MA3T64UQ3aibcuZyWYh9M5AvWScjhTjxZ5viuY5N6wrG4Cj,O(1) Labs
B62qig8xJD2GVHzJM1ChEXXMUNYwoUz62TY4CPTv8sf6MCDqgz5Wt9s,O(1) Labs
B62qpTmo9FwpqAdRGJgQY1kuoSahVc6HwPyPQy9BRYmZL7G2HepTAt1,O(1) Labs
B62qq2sBv1DpDtFueYmcxw4QP6i7ykKJ8eMQvHHMLxM2D9nh49bxLok,O(1) Labs
B62qrnhMZtiz2P5AFEjyS8XTn5mQfJLFRQ9NkZTJhDZTAi9ERDDHv9S,O(1) Labs
B62qmZFJN86FaPewT225BQUytfvncvJ8kwbF4zjbQHvXoa6o5YeSykt,O(1) Labs
B62qqL6fuqFgufJJ6xU6waiJw1xEQugPsBJR6zhVHLtZ9Hp7R3BriTF,O(1) Labs
B62qmT7Kd5rSF4kW48L9xnoXTUwW35VhsCS4wKitBHMRCmvywYE7iy4,O(1) Labs
B62qqqbrKMm1aF2pgeg4YcnCuYTahsR4eMhfbL74fZmo1f27Bhi64hL,O(1) Labs
B62qk9RQQsLpE1i1CJjkN6SuoRefXg5X17kqvvZV2UMysW4hr9CCoFw,O(1) Labs
B62qqUPRmvN4SdX2XAa9z1amQJjC5apzwtmwweqVWFxKFHLTf9b4HVW,O(1) Labs
B62qrFTdexNZeedkMCGSEUDtc14atEyevSj6Bzix1UUacaXmiKLsggw,O(1) Labs
B62qpFjUdtZSGzXa6pYJuSv1R5vxJPorZLPgui8Gfg4YPrYEeL5pyz3,O(1) Labs
B62qiydA5hjPMZ8wm7WkmZvcJWGio1A3X91Cu7PDP6WqqipQXEZu1gH,O(1) Labs
B62qqNHRcLYT3HvUHyQ972BeaZi9Nm4GCRWj4uUbB9iAHhc7ZXiBmFC,O(1) Labs
